{"cameraMode":{"drawMode":0,"name":"Shaded","section":"Shading Mode"},"sceneLighting":false,"audioPlay":false,"sceneViewState":{"m_AlwaysRefresh":false,"showFog":false,"showSkybox":false,"showFlares":false,"showImageEffects":false,"showParticleSystems":false,"showVisualEffectGraphs":true,"m_FxEnabled":true},"in2DMode":false,"pivot":{"x":0.05613112449645996,"y":0.8628071546554565,"z":0.17398619651794434},"rotation":{"x":0.06826275587081909,"y":0.04966118931770325,"z":-0.0033911520149558784,"w":0.9964410662651062},"size":1.4545059204101563,"orthographic":true}