{"cameraMode":{"drawMode":0,"name":"Shaded","section":"Shading Mode"},"sceneLighting":false,"audioPlay":false,"sceneViewState":{"m_AlwaysRefresh":false,"showFog":false,"showSkybox":false,"showFlares":false,"showImageEffects":false,"showParticleSystems":false,"showVisualEffectGraphs":true,"m_FxEnabled":true},"in2DMode":false,"pivot":{"x":-0.003968656063079834,"y":0.8552533388137817,"z":0.06128433346748352},"rotation":{"x":-0.01836579479277134,"y":0.9690685868263245,"z":-0.23407791554927827,"w":-0.07603256404399872},"size":1.1918524503707886,"orthographic":false}