{"cameraMode":{"drawMode":0,"name":"Shaded","section":"Shading Mode"},"sceneLighting":false,"audioPlay":false,"sceneViewState":{"m_AlwaysRefresh":false,"showFog":true,"showSkybox":false,"showFlares":true,"showImageEffects":true,"showParticleSystems":true,"showVisualEffectGraphs":true,"m_FxEnabled":true},"in2DMode":false,"pivot":{"x":1.4400999546051026,"y":1.4005000591278077,"z":-0.010499999858438969},"rotation":{"x":0.32632702589035036,"y":-0.6712952852249146,"z":0.434844970703125,"w":0.5037878751754761},"size":0.017237091436982156,"orthographic":false}