{"cameraMode":{"drawMode":0,"name":"Shaded","section":"Shading Mode"},"sceneLighting":false,"audioPlay":false,"sceneViewState":{"m_AlwaysRefresh":false,"showFog":false,"showSkybox":false,"showFlares":false,"showImageEffects":false,"showParticleSystems":false,"showVisualEffectGraphs":true,"m_FxEnabled":true},"in2DMode":false,"pivot":{"x":0.1009853333234787,"y":0.5869954228401184,"z":0.14604952931404115},"rotation":{"x":-0.01836579479277134,"y":0.9690685868263245,"z":-0.23407791554927827,"w":-0.07603256404399872},"size":1.3141367435455323,"orthographic":false}