{"cameraMode":{"drawMode":0,"name":"Shaded","section":"Shading Mode"},"sceneLighting":false,"audioPlay":false,"sceneViewState":{"m_AlwaysRefresh":false,"showFog":true,"showSkybox":false,"showFlares":true,"showImageEffects":true,"showParticleSystems":true,"showVisualEffectGraphs":true,"m_FxEnabled":true},"in2DMode":false,"pivot":{"x":2.7094995975494386,"y":1.873740315437317,"z":-0.2254202961921692},"rotation":{"x":-0.09814490377902985,"y":0.044170740991830829,"z":0.00436045415699482,"w":0.9941891431808472},"size":0.9829616546630859,"orthographic":true}