{"cameraMode":{"drawMode":0,"name":"Shaded","section":"Shading Mode"},"sceneLighting":true,"audioPlay":false,"sceneViewState":{"m_AlwaysRefresh":false,"showFog":true,"showSkybox":true,"showFlares":true,"showImageEffects":true,"showParticleSystems":true,"showVisualEffectGraphs":true,"m_FxEnabled":true},"in2DMode":false,"pivot":{"x":0.1541530191898346,"y":0.6811230778694153,"z":-12.602221488952637},"rotation":{"x":0.30210354924201968,"y":0.43608802556991579,"z":-0.1582028865814209,"w":0.8327950239181519},"size":1.1906802654266358,"orthographic":false}