{"cameraMode":{"drawMode":0,"name":"Shaded","section":"Shading Mode"},"sceneLighting":true,"audioPlay":false,"sceneViewState":{"m_AlwaysRefresh":false,"showFog":true,"showSkybox":true,"showFlares":true,"showImageEffects":true,"showParticleSystems":true,"showVisualEffectGraphs":true,"m_FxEnabled":true},"in2DMode":false,"pivot":{"x":0.11857753992080689,"y":0.4664953947067261,"z":-1.3114792108535767},"rotation":{"x":-0.007435785140842199,"y":0.8563928604125977,"z":-0.012330301105976105,"w":-0.5161330103874207},"size":1.4927574396133423,"orthographic":false}