{"cameraMode":{"drawMode":0,"name":"Shaded","section":"Shading Mode"},"sceneLighting":false,"audioPlay":false,"sceneViewState":{"m_AlwaysRefresh":false,"showFog":true,"showSkybox":false,"showFlares":true,"showImageEffects":true,"showParticleSystems":true,"showVisualEffectGraphs":true,"m_FxEnabled":true},"in2DMode":false,"pivot":{"x":1.4202560186386109,"y":1.3845044374465943,"z":-0.012012921273708344},"rotation":{"x":0.004816650412976742,"y":-0.9894352555274963,"z":0.14104752242565156,"w":0.033827945590019229},"size":0.06676836311817169,"orthographic":false}